TIME,BEEF,PIG,POULTRY,SHEEP
2019,185786.6017341618,339968.9987251535,316205.7937100953,38376.742028007066
2020,187394.96875944105,343728.86358549696,320111.01131908066,39459.75172607171
2021,189213.72066264227,346713.1184226726,323756.0912732227,40325.948313415145
2022,191121.72726581607,348830.0706245687,327565.2990774308,41039.22510529633
2023,192964.6206662887,352209.1510386809,331342.9913565645,41781.00060366589
